Workbook

Sheet Sheet 1
A1: Charter | B1: DistrictName | C1: DistrictType | D1: NCESDistrictID | E1: EnrollmentTotal | F1: StaffMaskPolicy | G1: StaffMaskStart1 | H1: StaffMaskEnd1 | I1: StaffMaskStart2 | J1: StaffMaskEnd2 | K1: StudentMaskPolicy | L1: StudentMaskStart1 | M1: StudentMaskEnd1 | N1: StudentMaskStart2 | O1: StudentMaskEnd2 | P1: County
A2: No | B2: Austin Isd | C2: Regular local school district | D2: 4808940 | E2: 75028 | P2: =VLOOKUP(D2,schools!A:B,2,FALSE) -> TRAVIS COUNTY
A3: No | B3: Del Valle Isd | C3: Regular local school district | D3: 4816620 | E3: 10681 | P3: =VLOOKUP(D3,schools!A:B,2,FALSE) -> TRAVIS COUNTY
A4: No | B4: Eanes Isd | C4: Regular local school district | D4: 4817760 | E4: 7962 | P4: =VLOOKUP(D4,schools!A:B,2,FALSE) -> TRAVIS COUNTY
A5: No | B5: Lago Vista Isd | C5: Regular local school district | D5: 4826400 | E5: 1615 | P5: =VLOOKUP(D5,schools!A:B,2,FALSE) -> TRAVIS COUNTY
A6: No | B6: Lake Travis Isd | C6: Regular local school district | D6: 4826470 | E6: 11009 | P6: =VLOOKUP(D6,schools!A:B,2,FALSE) -> TRAVIS COUNTY
A7: No | B7: Manor Isd | C7: Regular local school district | D7: 4828890 | E7: 9296 | P7: =VLOOKUP(D7,schools!A:B,2,FALSE) -> TRAVIS COUNTY
A8: No | B8: Pflugerville Isd | C8: Regular local school district | D8: 4834830 | E8: 25551 | P8: =VLOOKUP(D8,schools!A:B,2,FALSE) -> TRAVIS COUNTY
A9: No | B9: Texas Sch For The Blind & Visually Impaired | C9: State-operated agency | D9: 4800252 | E9: 126 | F9: Required full school year | K9: Required full school year | P9: =VLOOKUP(D9,schools!A:B,2,FALSE) -> TRAVIS COUNTY
A10: No | B10: University Of Texas At Austin H S | C10: Regular local school district | D10: 4801473 | E10: 373 | F10: Required at least part of school year | K10: Required at least part of school year | P10: =VLOOKUP(D10,schools!A:B,2,FALSE) -> TRAVIS COUNTY
A11: Yes | B11: Austin Achieve Public Schools | C11: Charter agency | D11: 4801431 | E11: 2150 | F11: Required full school year | K11: Required full school year | P11: =VLOOKUP(D11,schools!A:B,2,FALSE) -> TRAVIS COUNTY
A12: Yes | B12: Austin Discovery School | C12: Charter agency | D12: 4800265 | E12: 433 | P12: =VLOOKUP(D12,schools!A:B,2,FALSE) -> TRAVIS COUNTY
A13: Yes | B13: Cedars International Academy | C13: Charter agency | D13: 4800232 | E13: 497 | F13: Required full school year | K13: Required full school year | P13: =VLOOKUP(D13,schools!A:B,2,FALSE) -> TRAVIS COUNTY
A14: Yes | B14: Chaparral Star Academy | C14: Charter agency | D14: 4800064 | E14: 367 | P14: =VLOOKUP(D14,schools!A:B,2,FALSE) -> TRAVIS COUNTY
A15: Yes | B15: Harmony Science Academy (Austin) | C15: Charter agency | D15: 4800241 | E15: 4522 | P15: =VLOOKUP(D15,schools!A:B,2,FALSE) -> TRAVIS COUNTY
A16: Yes | B16: Kipp Texas Public Schools | C16: Charter agency | D16: 4800264 | E16: 31243 | F16: Required full school year | K16: Required full school year | P16: =VLOOKUP(D16,schools!A:B,2,FALSE) -> TRAVIS COUNTY
A17: Yes | B17: Montessori For All | C17: Charter agency | D17: 4801442 | E17: 446 | F17: Required full school year | K17: Required full school year | P17: =VLOOKUP(D17,schools!A:B,2,FALSE) -> TRAVIS COUNTY
A18: Yes | B18: Nyos Charter School | C18: Charter agency | D18: 4800058 | E18: 1078 | P18: =VLOOKUP(D18,schools!A:B,2,FALSE) -> TRAVIS COUNTY
A19: Yes | B19: Promesa Public Schools | C19: Charter agency | D19: 4801414 | E19: 991 | P19: =VLOOKUP(D19,schools!A:B,2,FALSE) -> TRAVIS COUNTY
A20: Yes | B20: Texas Empowerment Academy | C20: Charter agency | D20: 4800066 | E20: 361 | P20: =VLOOKUP(D20,schools!A:B,2,FALSE) -> TRAVIS COUNTY
A21: Yes | B21: The Excel Center (For Adults) | C21: Charter agency | D21: 4801448 | E21: 839 | P21: =VLOOKUP(D21,schools!A:B,2,FALSE) -> TRAVIS COUNTY
A22: Yes | B22: University Of Texas Elementary Charter School | C22: Charter agency | D22: 4800251 | E22: 286 | P22: =VLOOKUP(D22,schools!A:B,2,FALSE) -> TRAVIS COUNTY
A23: Yes | B23: University Of Texas University Charter School | C23: Charter agency | D23: 4800071 | E23: 646 | F23: Required full school year | K23: Required full school year | P23: =VLOOKUP(D23,schools!A:B,2,FALSE) -> TRAVIS COUNTY
A24: Yes | B24: Valor Public Schools | C24: Charter agency | D24: 4801461 | E24: 1092 | P24: =VLOOKUP(D24,schools!A:B,2,FALSE) -> TRAVIS COUNTY
A25: Yes | B25: Wayside Schools | C25: Charter agency | D25: 4800044 | E25: 1872 | P25: =VLOOKUP(D25,schools!A:B,2,FALSE) -> TRAVIS COUNTY
A26: No | B26: Arlington Isd | C26: Regular local school district | D26: 4808700 | E26: 56995 | P26: =VLOOKUP(D26,schools!A:B,2,FALSE) -> TARRANT COUNTY
A27: No | B27: Azle Isd | C27: Regular local school district | D27: 4809200 | E27: 6590 | P27: =VLOOKUP(D27,schools!A:B,2,FALSE) -> TARRANT COUNTY
A28: No | B28: Birdville Isd | C28: Regular local school district | D28: 4810230 | E28: 21661 | P28: =VLOOKUP(D28,schools!A:B,2,FALSE) -> TARRANT COUNTY
A29: No | B29: Carroll Isd | C29: Regular local school district | D29: 4813020 | E29: 8328 | P29: =VLOOKUP(D29,schools!A:B,2,FALSE) -> TARRANT COUNTY
A30: No | B30: Castleberry Isd | C30: Regular local school district | D30: 4813170 | E30: 3633 | P30: =VLOOKUP(D30,schools!A:B,2,FALSE) -> TARRANT COUNTY
A31: No | B31: Crowley Isd | C31: Regular local school district | D31: 4815910 | E31: 15886 | P31: =VLOOKUP(D31,schools!A:B,2,FALSE) -> TARRANT COUNTY
A32: No | B32: Eagle Mt-Saginaw Isd | C32: Regular local school district | D32: 4817700 | E32: 21327 | F32: Required full school year | K32: Required full school year | P32: =VLOOKUP(D32,schools!A:B,2,FALSE) -> TARRANT COUNTY
A33: No | B33: Everman Isd | C33: Regular local school district | D33: 4818810 | E33: 5619 | P33: =VLOOKUP(D33,schools!A:B,2,FALSE) -> TARRANT COUNTY
A34: No | B34: Fort Worth Isd | C34: Regular local school district | D34: 4819700 | E34: 77276 | F34: Required at least part of school year | K34: Required at least part of school year | P34: =VLOOKUP(D34,schools!A:B,2,FALSE) -> TARRANT COUNTY
A35: No | B35: Grapevine-Colleyville Isd | C35: Regular local school district | D35: 4821660 | E35: 13910 | P35: =VLOOKUP(D35,schools!A:B,2,FALSE) -> TARRANT COUNTY
A36: No | B36: Hurst-Euless-Bedford Isd | C36: Regular local school district | D36: 4824060 | E36: 22971 | P36: =VLOOKUP(D36,schools!A:B,2,FALSE) -> TARRANT COUNTY
A37: No | B37: Keller Isd | C37: Regular local school district | D37: 4825260 | E37: 31935 | P37: =VLOOKUP(D37,schools!A:B,2,FALSE) -> TARRANT COUNTY
A38: No | B38: Kennedale Isd | C38: Regular local school district | D38: 4825500 | E38: 2881 | F38: Required full school year | K38: Required full school year | P38: =VLOOKUP(D38,schools!A:B,2,FALSE) -> TARRANT COUNTY
A39: No | B39: Lake Worth Isd | C39: Regular local school district | D39: 4826490 | E39: 3308 | P39: =VLOOKUP(D39,schools!A:B,2,FALSE) -> TARRANT COUNTY
A40: No | B40: Mansfield Isd | C40: Regular local school district | D40: 4828920 | E40: 35191 | P40: =VLOOKUP(D40,schools!A:B,2,FALSE) -> TARRANT COUNTY
A41: No | B41: White Settlement Isd | C41: Regular local school district | D41: 4845540 | E41: 6552 | P41: =VLOOKUP(D41,schools!A:B,2,FALSE) -> TARRANT COUNTY
A42: Yes | B42: Arlington Classics Academy | C42: Charter agency | D42: 4800158 | E42: 1541 | P42: =VLOOKUP(D42,schools!A:B,2,FALSE) -> TARRANT COUNTY
A43: Yes | B43: East Fort Worth Montessori Academy | C43: Charter agency | D43: 4800255 | E43: 193 | P43: =VLOOKUP(D43,schools!A:B,2,FALSE) -> TARRANT COUNTY
A44: Yes | B44: Fort Worth Academy Of Fine Arts | C44: Charter agency | D44: 4800231 | E44: 630 | P44: =VLOOKUP(D44,schools!A:B,2,FALSE) -> TARRANT COUNTY
A45: Yes | B45: Newman International Academy Of Arlington | C45: Charter agency | D45: 4801421 | E45: 3057 | P45: =VLOOKUP(D45,schools!A:B,2,FALSE) -> TARRANT COUNTY
A46: Yes | B46: Texas School Of The Arts | C46: Charter agency | D46: 4800287 | E46: 287 | P46: =VLOOKUP(D46,schools!A:B,2,FALSE) -> TARRANT COUNTY
A47: Yes | B47: Treetops School International | C47: Charter agency | D47: 4800068 | E47: 391 | P47: =VLOOKUP(D47,schools!A:B,2,FALSE) -> TARRANT COUNTY
A48: Yes | B48: Westlake Academy Charter School | C48: Charter agency | D48: 4800254 | E48: 865 | P48: =VLOOKUP(D48,schools!A:B,2,FALSE) -> TARRANT COUNTY
A49: No | B49: Donna Isd | C49: Regular local school district | D49: 4817390 | E49: 13856 | F49: Required at least part of school year | G49: 8/1/20 | H49: 4/1/21 | K49: Required at least part of school year | L49: 8/1/20 | M49: 4/1/21 | P49: =VLOOKUP(D49,schools!A:B,2,FALSE) -> HIDALGO COUNTY
A50: No | B50: Edcouch-Elsa Isd | C50: Regular local school district | D50: 4818060 | E50: 4540 | F50: Required full school year | K50: Required full school year | P50: =VLOOKUP(D50,schools!A:B,2,FALSE) -> HIDALGO COUNTY
A51: No | B51: Edinburg Cisd | C51: Regular local school district | D51: 4818180 | E51: 32840 | F51: Required full school year | K51: Required full school year | P51: =VLOOKUP(D51,schools!A:B,2,FALSE) -> HIDALGO COUNTY
A52: No | B52: Hidalgo Isd | C52: Regular local school district | D52: 4823100 | E52: 2992 | P52: =VLOOKUP(D52,schools!A:B,2,FALSE) -> HIDALGO COUNTY
A53: No | B53: La Joya Isd | C53: Regular local school district | D53: 4826130 | E53: 26633 | P53: =VLOOKUP(D53,schools!A:B,2,FALSE) -> HIDALGO COUNTY
A54: No | B54: La Villa Isd | C54: Regular local school district | D54: 4826340 | E54: 597 | F54: Required full school year | K54: Required full school year | P54: =VLOOKUP(D54,schools!A:B,2,FALSE) -> HIDALGO COUNTY
A55: No | B55: Mcallen Isd | C55: Regular local school district | D55: 4829670 | E55: 21609 | P55: =VLOOKUP(D55,schools!A:B,2,FALSE) -> HIDALGO COUNTY
A56: No | B56: Mercedes Isd | C56: Regular local school district | D56: 4830250 | E56: 4727 | P56: =VLOOKUP(D56,schools!A:B,2,FALSE) -> HIDALGO COUNTY
A57: No | B57: Mission Cisd | C57: Regular local school district | D57: 4831040 | E57: 15064 | F57: Required full school year | K57: Required full school year | P57: =VLOOKUP(D57,schools!A:B,2,FALSE) -> HIDALGO COUNTY
A58: No | B58: Monte Alto Isd | C58: Regular local school district | D58: 4831230 | E58: 889 | P58: =VLOOKUP(D58,schools!A:B,2,FALSE) -> HIDALGO COUNTY
A59: No | B59: Pharr-San Juan-Alamo Isd | C59: Regular local school district | D59: 4834860 | E59: 30326 | P59: =VLOOKUP(D59,schools!A:B,2,FALSE) -> HIDALGO COUNTY
A60: No | B60: Progreso Isd | C60: Regular local school district | D60: 4835910 | E60: 1549 | P60: =VLOOKUP(D60,schools!A:B,2,FALSE) -> HIDALGO COUNTY
A61: No | B61: Sharyland Isd | C61: Regular local school district | D61: 4839930 | E61: 9763 | P61: =VLOOKUP(D61,schools!A:B,2,FALSE) -> HIDALGO COUNTY
A62: No | B62: Valley View Isd | C62: Regular local school district | D62: 4843800 | E62: 4114 | P62: =VLOOKUP(D62,schools!A:B,2,FALSE) -> HIDALGO COUNTY
A63: No | B63: Weslaco Isd | C63: Regular local school district | D63: 4844960 | E63: 16571 | P63: =VLOOKUP(D63,schools!A:B,2,FALSE) -> HIDALGO COUNTY
A64: Yes | B64: Excellence In Leadership Academy | C64: Charter agency | D64: 4801433 | E64: 300 | P64: =VLOOKUP(D64,schools!A:B,2,FALSE) -> HIDALGO COUNTY
A65: Yes | B65: Horizon Montessori Public Schools | C65: Charter agency | D65: 4800065 | E65: 1266 | P65: =VLOOKUP(D65,schools!A:B,2,FALSE) -> HIDALGO COUNTY
A66: Yes | B66: Idea Public Schools | C66: Charter agency | D66: 4800211 | E66: 62247 | F66: Required full school year | K66: Required full school year | P66: =VLOOKUP(D66,schools!A:B,2,FALSE) -> HIDALGO COUNTY
A67: Yes | B67: Triumph Public High Schools-Rio Grande Valley | C67: Charter agency | D67: 4800133 | E67: 498 | P67: =VLOOKUP(D67,schools!A:B,2,FALSE) -> HIDALGO COUNTY
A68: Yes | B68: Vanguard Academy | C68: Charter agency | D68: 4800195 | E68: 4906 | P68: =VLOOKUP(D68,schools!A:B,2,FALSE) -> HIDALGO COUNTY
A69: No | B69: Aldine Isd | C69: Regular local school district | D69: 4807710 | E69: 63449 | P69: =VLOOKUP(D69,schools!A:B,2,FALSE) -> HARRIS COUNTY
A70: No | B70: Alief Isd | C70: Regular local school district | D70: 4807830 | E70: 43233 | P70: =VLOOKUP(D70,schools!A:B,2,FALSE) -> HARRIS COUNTY
A71: No | B71: Channelview Isd | C71: Regular local school district | D71: 4813590 | E71: 9292 | P71: =VLOOKUP(D71,schools!A:B,2,FALSE) -> HARRIS COUNTY
A72: No | B72: Crosby Isd | C72: Regular local school district | D72: 4815750 | E72: 6348 | P72: =VLOOKUP(D72,schools!A:B,2,FALSE) -> HARRIS COUNTY
A73: No | B73: Cypress-Fairbanks Isd | C73: Regular local school district | D73: 4816110 | E73: 114899 | P73: =VLOOKUP(D73,schools!A:B,2,FALSE) -> HARRIS COUNTY
A74: No | B74: Deer Park Isd | C74: Regular local school district | D74: 4816530 | E74: 12329 | P74: =VLOOKUP(D74,schools!A:B,2,FALSE) -> HARRIS COUNTY
A75: No | B75: Galena Park Isd | C75: Regular local school district | D75: 4820250 | E75: 21919 | P75: =VLOOKUP(D75,schools!A:B,2,FALSE) -> HARRIS COUNTY
A76: No | B76: Goose Creek Cisd | C76: Regular local school district | D76: 4821150 | E76: 23287 | P76: =VLOOKUP(D76,schools!A:B,2,FALSE) -> HARRIS COUNTY
A77: No | B77: Houston Isd | C77: Regular local school district | D77: 4823640 | E77: 197154 | P77: =VLOOKUP(D77,schools!A:B,2,FALSE) -> HARRIS COUNTY
A78: No | B78: Huffman Isd | C78: Regular local school district | D78: 4823820 | E78: 3437 | P78: =VLOOKUP(D78,schools!A:B,2,FALSE) -> HARRIS COUNTY
A79: No | B79: Humble Isd | C79: Regular local school district | D79: 4823910 | E79: 45525 | P79: =VLOOKUP(D79,schools!A:B,2,FALSE) -> HARRIS COUNTY
A80: No | B80: Katy Isd | C80: Regular local school district | D80: 4825170 | E80: 84450 | F80: Required full school year | K80: Required full school year | P80: =VLOOKUP(D80,schools!A:B,2,FALSE) -> HARRIS COUNTY
A81: No | B81: Klein Isd | C81: Regular local school district | D81: 4825740 | E81: 52827 | P81: =VLOOKUP(D81,schools!A:B,2,FALSE) -> HARRIS COUNTY
A82: No | B82: La Porte Isd | C82: Regular local school district | D82: 4826190 | E82: 7002 | P82: =VLOOKUP(D82,schools!A:B,2,FALSE) -> HARRIS COUNTY
A83: No | B83: Pasadena Isd | C83: Regular local school district | D83: 4834320 | E83: 50622 | P83: =VLOOKUP(D83,schools!A:B,2,FALSE) -> HARRIS COUNTY
A84: No | B84: Sheldon Isd | C84: Regular local school district | D84: 4839990 | E84: 10215 | P84: =VLOOKUP(D84,schools!A:B,2,FALSE) -> HARRIS COUNTY
A85: No | B85: Spring Branch Isd | C85: Regular local school district | D85: 4841100 | E85: 33427 | P85: =VLOOKUP(D85,schools!A:B,2,FALSE) -> HARRIS COUNTY
A86: No | B86: Spring Isd | C86: Regular local school district | D86: 4841220 | E86: 33599 | P86: =VLOOKUP(D86,schools!A:B,2,FALSE) -> HARRIS COUNTY
A87: No | B87: Tomball Isd | C87: Regular local school district | D87: 4842960 | E87: 18668 | P87: =VLOOKUP(D87,schools!A:B,2,FALSE) -> HARRIS COUNTY
A88: Yes | B88: A+ Unlimited Potential | C88: Charter agency | D88: 4801453 | E88: 153 | F88: Required full school year | K88: Required full school year | P88: =VLOOKUP(D88,schools!A:B,2,FALSE) -> HARRIS COUNTY
A89: Yes | B89: Academy Of Accelerated Learning Inc | C89: Charter agency | D89: 4800032 | E89: 852 | P89: =VLOOKUP(D89,schools!A:B,2,FALSE) -> HARRIS COUNTY
A90: Yes | B90: Accelerated Intermediate Academy | C90: Charter agency | D90: 4800192 | E90: 233 | P90: =VLOOKUP(D90,schools!A:B,2,FALSE) -> HARRIS COUNTY
A91: Yes | B91: Alief Montessori Community School | C91: Charter agency | D91: 4800035 | E91: 332 | F91: Required full school year | K91: Required full school year | P91: =VLOOKUP(D91,schools!A:B,2,FALSE) -> HARRIS COUNTY
A92: Yes | B92: Amigos Por Vida-Friends For Life Pub Chtr Sch | C92: Charter agency | D92: 4800113 | E92: 479 | P92: =VLOOKUP(D92,schools!A:B,2,FALSE) -> HARRIS COUNTY
A93: Yes | B93: Aristoi Classical Academy | C93: Charter agency | D93: 4800019 | E93: 1073 | F93: Required full school year | K93: Required full school year | P93: =VLOOKUP(D93,schools!A:B,2,FALSE) -> HARRIS COUNTY
A94: Yes | B94: Beatrice Mayes Institute Charter School | C94: Charter agency | D94: 4800190 | E94: 471 | P94: =VLOOKUP(D94,schools!A:B,2,FALSE) -> HARRIS COUNTY
A95: Yes | B95: Beta Academy | C95: Charter agency | D95: 4801446 | E95: 1198 | P95: =VLOOKUP(D95,schools!A:B,2,FALSE) -> HARRIS COUNTY
A96: Yes | B96: Bloom Academy Charter School | C96: Charter agency | D96: 4801466 | E96: 83 | P96: =VLOOKUP(D96,schools!A:B,2,FALSE) -> HARRIS COUNTY
A97: Yes | B97: Calvin Nelms Charter Schools | C97: Charter agency | D97: 4800124 | E97: 300 | P97: =VLOOKUP(D97,schools!A:B,2,FALSE) -> HARRIS COUNTY
A98: Yes | B98: Comquest Academy | C98: Charter agency | D98: 4800127 | E98: 38 | P98: =VLOOKUP(D98,schools!A:B,2,FALSE) -> HARRIS COUNTY
A99: Yes | B99: Draw Academy | C99: Charter agency | D99: 4800263 | E99: 709 | P99: =VLOOKUP(D99,schools!A:B,2,FALSE) -> HARRIS COUNTY
A100: Yes | B100: Etoile Academy Charter School | C100: Charter agency | D100: 4801460 | E100: 215 | P100: =VLOOKUP(D100,schools!A:B,2,FALSE) -> HARRIS COUNTY
...

Sheet schools
A1: NCES District ID | B1: County Name | C1: District Number | D1: District Name | E1: District Type
A2: 4800004 | B2: BEXAR COUNTY | C2: 15801 | D2: POR VIDA ACADEMY | E2: CHARTER
A3: 4800014 | B3: BEXAR COUNTY | C3: 15802 | D3: GEORGE GERVIN ACADEMY | E3: CHARTER
A4: 4800061 | B4: BEXAR COUNTY | C4: 15805 | D4: NEW FRONTIERS PUBLIC SCHOOLS INC | E4: CHARTER
A5: 4800062 | B5: BEXAR COUNTY | C5: 15806 | D5: LEGACY TRADITIONAL SCHOOLS - TEXAS | E5: CHARTER
A6: 4800063 | B6: BEXAR COUNTY | C6: 15807 | D6: SOUTHWEST PREPARATORY SCHOOL | E6: CHARTER
A7: 4800053 | B7: BEXAR COUNTY | C7: 15808 | D7: INSPIRE ACADEMIES | E7: CHARTER
A8: 4800077 | B8: BEXAR COUNTY | C8: 15809 | D8: BEXAR COUNTY ACADEMY | E8: CHARTER
A9: 4800059 | B9: BEXAR COUNTY | C9: 15814 | D9: POSITIVE SOLUTIONS CHARTER SCHOOL | E9: CHARTER
A10: 4800080 | B10: BEXAR COUNTY | C10: 15815 | D10: HERITAGE ACADEMY | E10: CHARTER
A11: 4800179 | B11: BEXAR COUNTY | C11: 15822 | D11: JUBILEE ACADEMIES | E11: CHARTER
A12: 4800246 | B12: BEXAR COUNTY | C12: 15825 | D12: LIGHTHOUSE PUBLIC SCHOOLS | E12: CHARTER
A13: 4800258 | B13: BEXAR COUNTY | C13: 15827 | D13: SCHOOL OF SCIENCE AND TECHNOLOGY | E13: CHARTER
... A103: 4815210 | B103: DALLAS COUNTY | C103: 57922 | D103: COPPELL ISD | E103: INDEPENDENT
B104: DENTON COUNTY | C104: 61501 | D104: UNIVERSITY OF NORTH TEXAS | E104: INDEPENDENT
A105: 4800187 | B105: DENTON COUNTY | C105: 61802 | D105: NORTH TEXAS COLLEGIATE ACADEMY | E105: CHARTER
A106: 4801420 | B106: DENTON COUNTY | C106: 61804 | D106: LEADERSHIP PREP SCHOOL | E106: CHARTER
A107: 4801456 | B107: DENTON COUNTY | C107: 61805 | D107: TRIVIUM ACADEMY | E107: CHARTER
B108: DENTON COUNTY | C108: 61806 | D108: TEXAS WORKS | E108: CHARTER
A109: 4816740 | B109: DENTON COUNTY | C109: 61901 | D109: DENTON ISD | E109: INDEPENDENT
A110: 4827300 | B110: DENTON COUNTY | C110: 61902 | D110: LEWISVILLE ISD | E110: INDEPENDENT
A111: 4834920 | B111: DENTON COUNTY | C111: 61903 | D111: PILOT POINT ISD | E111: INDEPENDENT
A112: 4825980 | B112: DENTON COUNTY | C112: 61905 | D112: KRUM ISD | E112: INDEPENDENT
A113: 4835310 | B113: DENTON COUNTY | C113: 61906 | D113: PONDER ISD | E113: INDEPENDENT
A114: 4808910 | B114: DENTON COUNTY | C114: 61907 | D114: AUBREY ISD | E114: INDEPENDENT
A115: 4839180 | B115: DENTON COUNTY | C115: 61908 | D115: SANGER ISD | E115: INDEPENDENT
A116: 4808670 | B116: DENTON COUNTY | C116: 61910 | D116: ARGYLE ISD | E116: INDEPENDENT
A117: 4833180 | B117: DENTON COUNTY | C117: 61911 | D117: NORTHWEST ISD | E117: INDEPENDENT
A118: 4826430 | B118: DENTON COUNTY | C118: 61912 | D118: LAKE DALLAS ISD | E118: INDEPENDENT
A119: 4827720 | B119: DENTON COUNTY | C119: 61914 | D119: LITTLE ELM ISD | E119: INDEPENDENT
A120: 4800037 | B120: EL PASO COUNTY | C120: 71801 | D120: BURNHAM WOOD CHARTER SCHOOL DISTRICT | E120: CHARTER
... A225: 4899131 | B225: TARRANT COUNTY | C225: 220821 | D225: ACADEMY OF VISUAL AND PERFORMING ARTS | E225: CHARTER
B226: TARRANT COUNTY | C226: 220822 | D226: NEW HEIGHTS | E226: CHARTER
B227: TARRANT COUNTY | C227: 220823 | D227: INFINITE MINDS | E227: CHARTER
A228: 4808700 | B228: TARRANT COUNTY | C228: 220901 | D228: ARLINGTON ISD | E228: INDEPENDENT
A229: 4810230 | B229: TARRANT COUNTY | C229: 220902 | D229: BIRDVILLE ISD | E229: INDEPENDENT
A230: 4818810 | B230: TARRANT COUNTY | C230: 220904 | D230: EVERMAN ISD | E230: INDEPENDENT
A231: 4819700 | B231: TARRANT COUNTY | C231: 220905 | D231: FORT WORTH ISD | E231: INDEPENDENT
A232: 4821660 | B232: TARRANT COUNTY | C232: 220906 | D232: GRAPEVINE-COLLEYVILLE ISD | E232: INDEPENDENT
A233: 4825260 | B233: TARRANT COUNTY | C233: 220907 | D233: KELLER ISD | E233: INDEPENDENT
A234: 4828920 | B234: TARRANT COUNTY | C234: 220908 | D234: MANSFIELD ISD | E234: INDEPENDENT
A235: 4826490 | B235: TARRANT COUNTY | C235: 220910 | D235: LAKE WORTH ISD | E235: INDEPENDENT
A236: 4815910 | B236: TARRANT COUNTY | C236: 220912 | D236: CROWLEY ISD | E236: INDEPENDENT
A237: 4825500 | B237: TARRANT COUNTY | C237: 220914 | D237: KENNEDALE ISD | E237: INDEPENDENT
A238: 4809200 | B238: TARRANT COUNTY | C238: 220915 | D238: AZLE ISD | E238: INDEPENDENT
A239: 4824060 | B239: TARRANT COUNTY | C239: 220916 | D239: HURST-EULESS-BEDFORD ISD | E239: INDEPENDENT
... A260: 4801461 | B260: TRAVIS COUNTY | C260: 227829 | D260: VALOR EDUCATION | E260: CHARTER
B261: TRAVIS COUNTY | C261: 227831 | D261: UNPARALLELED PREPARATORY ACADEMY | E261: CHARTER
A262: 4808940 | B262: TRAVIS COUNTY | C262: 227901 | D262: AUSTIN ISD | E262: INDEPENDENT
A263: 4834830 | B263: TRAVIS COUNTY | C263: 227904 | D263: PFLUGERVILLE ISD | E263: INDEPENDENT
A264: 4800252 | B264: TRAVIS COUNTY | C264: 227905 | D264: TEXAS SCH FOR THE BLIND & VISUALLY IMPAIRED | E264: TSD/TSBVI
A265: 4800253 | B265: TRAVIS COUNTY | C265: 227906 | D265: TEXAS SCH FOR THE DEAF | E265: TSD/TSBVI
A266: 4828890 | B266: TRAVIS COUNTY | C266: 227907 | D266: MANOR ISD | E266: INDEPENDENT
A267: 4817760 | B267: TRAVIS COUNTY | C267: 227909 | D267: EANES ISD | E267: INDEPENDENT
A268: 4816620 | B268: TRAVIS COUNTY | C268: 227910 | D268: DEL VALLE ISD | E268: INDEPENDENT
A269: 4826400 | B269: TRAVIS COUNTY | C269: 227912 | D269: LAGO VISTA ISD | E269: INDEPENDENT
A270: 4826470 | B270: TRAVIS COUNTY | C270: 227913 | D270: LAKE TRAVIS ISD | E270: INDEPENDENT

Sheet notes
C5: all data rows by district
