Workbook

Sheet Sheet1
A1: County | B1: Population
A2: Andrews | B2: =VLOOKUP(A2,stats!A:B,2,FALSE) -> 18923
A3: Atascosa | B3: =VLOOKUP(A3,stats!A:B,2,FALSE) -> 52783
A4: Bailey | B4: =VLOOKUP(A4,stats!A:B,2,FALSE) -> 7031
A5: Bell | B5: =VLOOKUP(A5,stats!A:B,2,FALSE) -> 399578
A6: Bexar | B6: =VLOOKUP(A6,stats!A:B,2,FALSE) -> 2127737
A7: Borden | B7: =VLOOKUP(A7,stats!A:B,2,FALSE) -> 557
A8: Brazoria | B8: =VLOOKUP(A8,stats!A:B,2,FALSE) -> 413224
A9: Brewster | B9: =VLOOKUP(A9,stats!A:B,2,FALSE) -> 9508
A10: Brown | B10: =VLOOKUP(A10,stats!A:B,2,FALSE) -> 38631
A11: Carson | B11: =VLOOKUP(A11,stats!A:B,2,FALSE) -> 5822
A12: Cochran | B12: =VLOOKUP(A12,stats!A:B,2,FALSE) -> 2583
A13: Collin | B13: =VLOOKUP(A13,stats!A:B,2,FALSE) -> 1254658
... A51: Yoakum | B51: =VLOOKUP(A51,stats!A:B,2,FALSE) -> 7581
A52: Texas | B52: 31290831

Sheet stats
A1: name | B1: population
A2: Texas | B2: 31290831
A3: Anderson | B3: 59512
A4: Andrews | B4: 18923
A5: Angelina | B5: 88094
A6: Aransas | B6: 25595
A7: Archer | B7: 9155
A8: Armstrong | B8: 1809
A9: Atascosa | B9: 52783
A10: Austin | B10: 32546
A11: Bailey | B11: 7031
A12: Bandera | B12: 22830
A13: Bastrop | B13: 114931
... A256: Zavala | B256: 9209
