Workbook

Sheet Sheet1
A1: County | B1: Exemption Rate
A2: Andrews | B2: =VLOOKUP(A2,Sheet2!B2:M256,12,FALSE) -> 0.01986755
A3: Atascosa | B3: =VLOOKUP(A3,Sheet2!B3:M257,12,FALSE) -> 0.0099337748
A4: Bailey | B4: =VLOOKUP(A4,Sheet2!B4:M258,12,FALSE) -> 0
A5: Bell | B5: =VLOOKUP(A5,Sheet2!B5:M259,12,FALSE) -> 0.037217545
A6: Bexar | B6: =VLOOKUP(A6,Sheet2!B6:M260,12,FALSE) -> 0.028058406
A7: Borden | B7: =VLOOKUP(A7,Sheet2!B7:M261,12,FALSE) -> 0.055555556
A8: Brazoria | B8: =VLOOKUP(A8,Sheet2!B8:M262,12,FALSE) -> 0.03229738
A9: Brewster | B9: =VLOOKUP(A9,Sheet2!B9:M263,12,FALSE) -> 0.026315789
A10: Brown | B10: =VLOOKUP(A10,Sheet2!B10:M264,12,FALSE) -> 0.063636364
A11: Carson | B11: =VLOOKUP(A11,Sheet2!B11:M265,12,FALSE) -> 0.083333333
A12: Cochran | B12: =VLOOKUP(A12,Sheet2!B12:M266,12,FALSE) -> 0.047619048
A13: Collin | B13: =VLOOKUP(A13,Sheet2!B13:M267,12,FALSE) -> 0.058071206
... A51: Yoakum | B51: =VLOOKUP(A51,Sheet2!B51:M305,12,FALSE) -> 0.058333333
A52: Texas | B52: 0.023806574

Sheet weighted average
A1: County | B1: Exemption Rate | C1: Weighted exemption rate
A2: Andrews | B2: =VLOOKUP(A2,Sheet2!B2:M256,12,FALSE) -> 0.01986755 | C2: =B2*[1]Sheet1!$B2/[1]Sheet1!$B$52 -> 1.2014818e-05
A3: Atascosa | B3: =VLOOKUP(A3,Sheet2!B3:M257,12,FALSE) -> 0.0099337748 | C3: =B3*[1]Sheet1!$B3/[1]Sheet1!$B$52 -> 1.6756808e-05
A4: Bailey | B4: =VLOOKUP(A4,Sheet2!B4:M258,12,FALSE) -> 0 | C4: =B4*[1]Sheet1!$B4/[1]Sheet1!$B$52 -> 0
A5: Bell | B5: =VLOOKUP(A5,Sheet2!B5:M259,12,FALSE) -> 0.037217545 | C5: =B5*[1]Sheet1!$B5/[1]Sheet1!$B$52 -> 0.00047526102
A6: Bexar | B6: =VLOOKUP(A6,Sheet2!B6:M260,12,FALSE) -> 0.028058406 | C6: =B6*[1]Sheet1!$B6/[1]Sheet1!$B$52 -> 0.0019079362
A7: Borden | B7: =VLOOKUP(A7,Sheet2!B7:M261,12,FALSE) -> 0.055555556 | C7: =B7*[1]Sheet1!$B7/[1]Sheet1!$B$52 -> 9.8893009e-07
A8: Brazoria | B8: =VLOOKUP(A8,Sheet2!B8:M262,12,FALSE) -> 0.03229738 | C8: =B8*[1]Sheet1!$B8/[1]Sheet1!$B$52 -> 0.00042651639
A9: Brewster | B9: =VLOOKUP(A9,Sheet2!B9:M263,12,FALSE) -> 0.026315789 | C9: =B9*[1]Sheet1!$B9/[1]Sheet1!$B$52 -> 7.996289e-06
A10: Brown | B10: =VLOOKUP(A10,Sheet2!B10:M264,12,FALSE) -> 0.063636364 | C10: =B10*[1]Sheet1!$B10/[1]Sheet1!$B$52 -> 7.8564112e-05
A11: Carson | B11: =VLOOKUP(A11,Sheet2!B11:M265,12,FALSE) -> 0.083333333 | C11: =B11*[1]Sheet1!$B11/[1]Sheet1!$B$52 -> 1.5505075e-05
A12: Cochran | B12: =VLOOKUP(A12,Sheet2!B12:M266,12,FALSE) -> 0.047619048 | C12: =B12*[1]Sheet1!$B12/[1]Sheet1!$B$52 -> 3.930864e-06
A13: Collin | B13: =VLOOKUP(A13,Sheet2!B13:M267,12,FALSE) -> 0.058071206 | C13: =B13*[1]Sheet1!$B13/[1]Sheet1!$B$52 -> 0.0023284618
... A51: Yoakum | B51: =VLOOKUP(A51,Sheet2!B51:M305,12,FALSE) -> 0.058333333 | C51: =B51*[1]Sheet1!$B51/[1]Sheet1!$B$52 -> 1.4132734e-05
A52: Texas | B52: =AVERAGE(B2:B51) -> 0.045616417 | C52: =SUM(C2:C51) -> 0.023806574

Sheet Sheet2
C1: 2013-2014 | D1: 2014-2015 | E1: 2015-2016 | F1: 2016-2017 | G1: 2017-2018 | H1: 2018-2019 | I1: 2019-2020 | J1: 2020-2021 | K1: 2021-2022 | L1: 2022-2023 | M1: 2023-2024
A2: Texas | B2: Texas | C2: 0.013455556 | D2: 0.012880717 | E2: 0.013457254 | F2: 0.015512147 | G2: 0.018047066 | H2: 0.021696385 | I2: 0.0224 | J2: 0.0214 | K2: 0.0264 | L2: 0.0324 | M2: 0.0363
A3: Counties | B3: Anderson | C3: 0.0079617834 | D3: 0.0058309038 | E3: 0.0065359477 | F3: 0.01552795 | G3: 0.013651877 | H3: 0.021487603 | I3: 0.015410959 | J3: 0.024691358 | K3: 0.032374101 | L3: 0.032315978 | M3: 0.043087971
B4: Andrews | C4: 0.0035087719 | D4: 0.0089820359 | E4: 0.013513514 | F4: 0.0097402597 | G4: 0.012195122 | H4: 0.024793388 | I4: 0.0095238095 | J4: 0.024767802 | K4: 0 | L4: 0.0063694268 | M4: 0.01986755
B5: Angelina | C5: 0.011053795 | D5: 0.0060744115 | E5: 0.016587678 | F5: 0.011764706 | G5: 0.015139442 | H5: 0.017213115 | I5: 0.01822504 | J5: 0.014787431 | K5: 0.023450586 | L5: 0.037885463 | M5: 0.051327434
B6: Aransas | C6: 0.022304833 | D6: 0.011111111 | E6: 0.014336918 | F6: 0.020833333 | G6: 0.011904762 | H6: 0.010695187 | I6: 0.025531915 | J6: 0.028735632 | K6: 0 | L6: 0.0093023256 | M6: 0.023255814
B7: Archer | C7: 0.0081300813 | D7: 0.022222222 | E7: 0 | F7: 0 | G7: 0 | H7: 0.015503876 | I7: 0.014084507 | J7: 0.0064516129 | K7: 0.025316456 | L7: 0.057971014 | M7: 0.053846154
B8: Armstrong | C8: 0 | D8: 0.037037037 | E8: 0 | F8: 0.041666667 | G8: 0 | H8: 0.032258065 | I8: 0.074074074 | J8: 0.1 | K8: 0.055555556 | L8: 0 | M8: 0.04
B9: Atascosa | C9: 0.0030959752 | D9: 0.0029806259 | E9: 0.0046801872 | F9: 0.012861736 | G9: 0.0093896714 | H9: 0.016248154 | I9: 0.0033898305 | J9: 0.016393443 | K9: 0.0048543689 | L9: 0.022123894 | M9: 0.0099337748
B10: Austin | C10: 0.011160714 | D10: 0.011210762 | E10: 0.023364486 | F10: 0.020997375 | G10: 0.016509434 | H10: 0.033942559 | I10: 0.018867925 | J10: 0.020833333 | K10: 0.014851485 | L10: 0.046997389 | M10: 0.054590571
B11: Bailey | C11: 0 | D11: 0 | E11: 0.0090909091 | F11: 0.017699115 | G11: 0.01 | H11: 0.010989011 | I11: 0.011235955 | J11: 0 | K11: 0.032258065 | L11: 0.027522936 | M11: 0
B12: Bandera | C12: 0.030769231 | D12: 0.042168675 | E12: 0.013245033 | F12: 0.053892216 | G12: 0.021126761 | H12: 0.010695187 | I12: 0.043715847 | J12: 0.033333333 | K12: 0.025316456 | L12: 0.062827225 | M12: 0.04
B13: Bastrop | C13: 0.019695613 | D13: 0.024744027 | E13: 0.016853933 | F13: 0.033737024 | G13: 0.018921476 | H13: 0.021834061 | I13: 0.027287319 | J13: 0.02047502 | K13: 0.034082107 | L13: 0.028396009 | M13: 0.032740214
B14: Baylor | C14: 0 | D14: 0.018181818 | E14: 0 | F14: 0 | G14: 0.021276596 | H14: 0.017857143 | I14: 0 | J14: 0.036363636 | K14: 0.04 | L14: 0 | M14: 0.019230769
B15: Bee | C15: 0 | D15: 0.0024630542 | E15: 0.0025839793 | F15: 0 | G15: 0 | H15: 0.0052493438 | I15: 0.0076923077 | J15: 0.0085470085 | K15: 0.010666667 | L15: 0.028846154 | M15: 0.024767802
... B52: Coryell | C52: 0.032648126 | D52: 0.042303173 | E52: 0.010088272 | F52: 0.013853904 | G52: 0.016645327 | H52: 0.027194067 | I52: 0.023030303 | J52: 0.028465347 | K52: 0.03198032 | L52: 0.031506849 | M52: 0.037234043
B53: Cottle | D53: 0 | E53: 0 | F53: 0 | G53: 0 | H53: 0 | I53: 0 | J53: 0 | K53: 0 | L53: 0 | M53: 0.11111111
B54: Crane | C54: 0 | D54: 0.011904762 | E54: 0 | F54: 0 | G54: 0 | H54: 0 | I54: 0.012345679 | J54: 0.012345679 | K54: 0.019047619 | L54: 0
B55: Crockett | C55: 0 | D55: 0.014705882 | E55: 0 | F55: 0 | G55: 0 | H55: 0.017857143 | I55: 0 | J55: 0.037735849 | K55: 0 | L55: 0 | M55: 0
B56: Crosby | C56: 0 | D56: 0.012048193 | E56: 0.010752688 | F56: 0.011363636 | G56: 0.0125 | H56: 0.028571429 | I56: 0 | J56: 0 | K56: 0.027777778 | L56: 0.016129032 | M56: 0.036363636
B57: Culberson | C57: 0 | E57: 0 | F57: 0 | G57: 0 | H57: 0 | I57: 0 | J57: 0 | K57: 0 | L57: 0.027027027 | M57: 0.038461538
B58: Dallam | C58: 0.0062111801 | D58: 0 | E58: 0.035928144 | F58: 0.018867925 | G58: 0.028901734 | H58: 0.01754386 | I58: 0.051282051 | J58: 0.011428571 | K58: 0.029411765 | L58: 0.038251366 | M58: 0.041420118
B59: Dallas | C59: 0.0083736231 | D59: 0.0089566272 | E59: 0.0084136814 | F59: 0.01156959 | G59: 0.013656483 | H59: 0.018357953 | I59: 0.019557413 | J59: 0.017307692 | K59: 0.020258132 | L59: 0.026374507 | M59: 0.026160683
B60: Dawson | C60: 0.0049751244 | D60: 0.013513514 | E60: 0.010152284 | F60: 0.015706806 | G60: 0.014423077 | H60: 0.053763441 | I60: 0.076433121 | J60: 0.033898305 | K60: 0.032258065 | L60: 0.078014184 | M60: 0.10596026
B61: Deaf Smith | C61: 0.0027027027 | D61: 0 | E61: 0 | F61: 0 | G61: 0.0033557047 | H61: 0.0091463415 | I61: 0 | J61: 0 | K61: 0 | L61: 0 | M61: 0.0064724919
B62: Delta | C62: 0 | D62: 0 | E62: 0.052631579 | F62: 0.017857143 | G62: 0 | H62: 0.018518519 | I62: 0.016949153 | J62: 0.014285714 | K62: 0 | L62: 0 | M62: 0.046153846
B63: Denton | C63: 0.092242934 | D63: 0.034033665 | E63: 0.035009085 | F63: 0.039185691 | G63: 0.047211321 | H63: 0.052968768 | I63: 0.046534438 | J63: 0.043923342 | K63: 0.05958971 | L63: 0.06102981 | M63: 0.069126378
B64: DeWitt | C64: 0 | D64: 0.0082987552 | E64: 0.015 | F64: 0.019704433 | G64: 0.0050505051 | H64: 0.0050251256 | I64: 0.0048780488 | J64: 0.021857923 | K64: 0.014925373 | L64: 0.021276596 | M64: 0.027472527
B65: Dickens | C65: 0 | D65: 0 | E65: 0 | F65: 0 | G65: 0 | H65: 0 | I65: 0 | J65: 0 | K65: 0 | L65: 0.090909091 | M65: 0.047619048
B66: Dimmit | C66: 0.0047169811 | D66: 0 | E66: 0 | F66: 0 | G66: 0 | H66: 0 | I66: 0 | J66: 0 | K66: 0 | L66: 0 | M66: 0
B67: Donley | C67: 0 | D67: 0.037735849 | E67: 0 | F67: 0.025 | G67: 0.025 | H67: 0 | I67: 0 | J67: 0.052631579 | K67: 0.085106383 | L67: 0.048780488 | M67: 0.022727273
B68: Duval | C68: 0 | D68: 0 | E68: 0 | F68: 0 | G68: 0.0053475936 | H68: 0 | I68: 0.012578616 | J68: 0.0067567568 | K68: 0.024242424 | L68: 0.013333333 | M68: 0.015625
B69: Eastland | C69: 0.022421525 | D69: 0.0087336245 | E69: 0.028037383 | F69: 0.029850746 | G69: 0.055555556 | H69: 0.049261084 | I69: 0.025125628 | J69: 0.03 | K69: 0.039408867 | L69: 0.027906977 | M69: 0.032786885
... B77: Fayette | C77: 0.0067114094 | D77: 0.0032786885 | E77: 0.010526316 | F77: 0.013245033 | G77: 0 | H77: 0.01459854 | I77: 0.014285714 | J77: 0.010676157 | K77: 0.014285714 | L77: 0.022058824 | M77: 0.017316017
B78: Fisher | C78: 0 | E78: 0 | F78: 0 | G78: 0 | H78: 0.023255814 | I78: 0 | J78: 0 | K78: 0.027027027 | L78: 0.028571429 | M78: 0.022727273
B79: Floyd | C79: 0 | D79: 0 | E79: 0.02247191 | F79: 0.011235955 | G79: 0 | H79: 0 | I79: 0 | J79: 0.0375 | K79: 0.014705882 | L79: 0 | M79: 0.048780488
B80: Foard | C80: 0 | D80: 0 | E80: 0 | F80: 0 | G80: 0 | H80: 0 | I80: 0 | J80: 0 | K80: 0 | L80: 0.066666667 | M80: 0
B81: Fort Bend | C81: 0.0094620168 | D81: 0.0082272786 | E81: 0.0081669691 | F81: 0.0093567251 | G81: 0.0097548453 | H81: 0.013597804 | I81: 0.0076757016 | J81: 0.0089115213 | K81: 0.011764706 | L81: 0.017020089 | M81: 0.018199705
B82: Franklin | C82: 0.0067567568 | D82: 0.014388489 | E82: 0.022727273 | F82: 0.024590164 | G82: 0 | H82: 0.021505376 | I82: 0.0098039216 | J82: 0 | K82: 0 | L82: 0.031578947 | M82: 0.047619048
B83: Freestone | C83: 0.017123288 | D83: 0.01509434 | E83: 0.0125 | F83: 0.019083969 | G83: 0.025531915 | H83: 0.029739777 | I83: 0.021459227 | J83: 0.048582996 | K83: 0.027777778 | L83: 0.058091286 | M83: 0.074889868
B84: Frio | C84: 0.0035971223 | D84: 0.0040983607 | E84: 0 | F84: 0 | G84: 0.0046728972 | H84: 0 | I84: 0.014018692 | J84: 0.0048309179 | K84: 0 | L84: 0.014354067 | M84: 0.0050761421
B85: Gaines | C85: 0.074468085 | D85: 0.096885813 | E85: 0.086206897 | F85: 0.13090909 | G85: 0.18215613 | H85: 0.16988417 | I85: 0.1884058 | J85: 0.18450185 | K85: 0.16190476 | L85: 0.1796875 | M85: 0.17622951
B86: Galveston | C86: 0.017672791 | D86: 0.018736988 | E86: 0.015473559 | F86: 0.018081626 | G86: 0.023421993 | H86: 0.023997257 | I86: 0.023746264 | J86: 0.02458281 | K86: 0.027252213 | L86: 0.03821422 | M86: 0.043199396
B87: Garza | C87: 0 | D87: 0.011111111 | E87: 0.018181818 | F87: 0 | G87: 0 | H87: 0.021276596 | I87: 0.03030303 | J87: 0.039215686 | K87: 0.036363636 | L87: 0.05 | M87: 0.028571429
B88: Gillespie | C88: 0.010344828 | D88: 0.017793594 | E88: 0.020080321 | F88: 0.024193548 | G88: 0.05952381 | H88: 0.096774194 | I88: 0.061643836 | J88: 0.045614035 | K88: 0.079136691 | L88: 0.064935065 | M88: 0.049586777
B89: Glasscock | C89: 0 | D89: 0 | E89: 0 | F89: 0 | G89: 0.043478261 | H89: 0.05 | I89: 0.05 | J89: 0.08 | K89: 0.066666667 | L89: 0.08 | M89: 0.055555556
B90: Goliad | C90: 0.0099009901 | D90: 0 | E90: 0.011363636 | F90: 0 | G90: 0.01369863 | H90: 0.020833333 | I90: 0.025641026 | J90: 0.023255814 | K90: 0.048192771 | L90: 0.010752688 | M90: 0.067567568
... B133: Kenedy | C133: 0 | D133: 0 | E133: 0 | F133: 0 | G133: 0 | H133: 0 | I133: 0 | J133: 0 | K133: 0 | L133: 0 | M133: 0.071428571
B134: Kent | C134: 0.11111111 | D134: 0 | E134: 0.1 | F134: 0 | I134: 0 | J134: 0.1 | K134: 0.090909091 | L134: 0 | M134: 0.076923077
B135: Kerr | C135: 0.021912351 | D135: 0.023210832 | E135: 0.026819923 | F135: 0.019313305 | G135: 0.019438445 | H135: 0.053677932 | I135: 0.043977055 | J135: 0.033730159 | K135: 0.04008016 | L135: 0.064272212 | M135: 0.05988024
B136: Kimble | C136: 0 | D136: 0 | E136: 0 | F136: 0 | G136: 0.027027027 | H136: 0.041666667 | I136: 0.020833333 | J136: 0.058823529 | K136: 0.02173913 | L136: 0 | M136: 0.024390244
B137: King | C137: 0 | D137: 0.16666667 | E137: 0 | F137: 0 | G137: 0.14285714 | H137: 0.16666667 | I137: 0.11111111 | J137: 0 | K137: 0.13333333 | L137: 0.25 | M137: 0
B138: Kinney | C138: 0 | D138: 0.027027027 | E138: 0 | F138: 0 | G138: 0 | H138: 0.026315789 | I138: 0 | J138: 0.022222222 | K138: 0.063829787 | L138: 0 | M138: 0.025641026
B139: Kleberg | C139: 0.0071599045 | D139: 0 | E139: 0.010416667 | F139: 0 | G139: 0.0052770449 | H139: 0.010335917 | I139: 0.011173184 | J139: 0.0093457944 | K139: 0.010135135 | L139: 0.016556291 | M139: 0.034351145
B140: Knox | C140: 0 | D140: 0 | E140: 0 | F140: 0 | G140: 0 | H140: 0 | I140: 0 | J140: 0 | K140: 0 | L140: 0.063829787 | M140: 0.027027027
B141: La Salle | C141: 0 | E141: 0 | F141: 0 | G141: 0 | H141: 0 | I141: 0 | J141: 0 | K141: 0 | L141: 0.033898305 | M141: 0
B142: Lamar | C142: 0.0085910653 | D142: 0.0055710306 | E142: 0.014880952 | F142: 0.013824885 | G142: 0.013050571 | H142: 0.024691358 | I142: 0.019174041 | J142: 0.020280811 | K142: 0.01754386 | L142: 0.034482759 | M142: 0.03164557
B143: Lamb | C143: 0 | D143: 0 | E143: 0.0040322581 | F143: 0 | G143: 0.014218009 | H143: 0 | I143: 0 | J143: 0.021621622 | K143: 0.010152284 | L143: 0.024691358 | M143: 0.019736842
B144: Lampasas | C144: 0.089605735 | D144: 0.029787234 | E144: 0.02238806 | F144: 0.027777778 | G144: 0.036630037 | H144: 0.057142857 | I144: 0.043137255 | J144: 0.014285714 | K144: 0.047794118 | L144: 0.082677165 | M144: 0.055555556
B145: Lavaca | C145: 0 | D145: 0.016339869 | E145: 0.0065359477 | F145: 0.013513514 | G145: 0.012448133 | H145: 0.028070175 | I145: 0.017391304 | J145: 0.015772871 | K145: 0.021390374 | L145: 0.032051282 | M145: 0.066666667
B146: Lee | C146: 0.007751938 | D146: 0.011450382 | E146: 0.012295082 | F146: 0.0094339623 | G146: 0.021367521 | H146: 0.013157895 | I146: 0.0081632653 | J146: 0.021186441 | K146: 0.037735849 | L146: 0.016216216 | M146: 0.035714286
B147: Leon | C147: 0 | D147: 0.0041493776 | E147: 0.0043668122 | F147: 0.025510204 | G147: 0.016460905 | H147: 0 | I147: 0.014285714 | J147: 0.017316017 | K147: 0.0042918455 | L147: 0.054945055 | M147: 0.052380952
B148: Liberty | C148: 0.0045703839 | D148: 0.0085470085 | E148: 0.0081154193 | F148: 0.0086655113 | G148: 0.0175 | H148: 0.011764706 | I148: 0.014064698 | J148: 0.01048218 | K148: 0.013715711 | L148: 0.023331173 | M148: 0.030283912
B149: Limestone | C149: 0 | D149: 0 | E149: 0.0068027211 | F149: 0 | G149: 0.010416667 | H149: 0.0037174721 | I149: 0.014035088 | J149: 0.0082304527 | K149: 0.010380623 | L149: 0.021126761 | M149: 0.033057851
B150: Lipscomb | C150: 0 | D150: 0 | E150: 0.015384615 | F150: 0 | G150: 0.021276596 | H150: 0.035087719 | I150: 0 | J150: 0.047619048 | K150: 0 | L150: 0.05 | M150: 0.068181818
B151: Live Oak | C151: 0 | D151: 0.013157895 | E151: 0.0076923077 | F151: 0.0078740157 | G151: 0.014925373 | H151: 0.0081300813 | I151: 0 | J151: 0.0091743119 | K151: 0.042857143 | L151: 0.0073529412 | M151: 0.015748031
B152: Llano | C152: 0.019354839 | D152: 0.028571429 | E152: 0.03030303 | F152: 0.017857143 | G152: 0.016949153 | H152: 0.017391304 | I152: 0.037593985 | J152: 0.028571429 | K152: 0.030487805 | L152: 0.021276596 | M152: 0.083969466
B153: Loving
B154: Lubbock | C154: 0.011449508 | D154: 0.012956964 | E154: 0.013573602 | F154: 0.015637016 | G154: 0.017959396 | H154: 0.017651573 | I154: 0.020433284 | J154: 0.020397625 | K154: 0.029246893 | L154: 0.034375808 | M154: 0.034722222
B155: Lynn | C155: 0.0086956522 | D155: 0.017391304 | E155: 0.018691589 | F155: 0.018018018 | G155: 0.041666667 | H155: 0.043956044 | I155: 0.016129032 | J155: 0.019607843 | K155: 0.037878788 | L155: 0.0625 | M155: 0.088235294
B156: Madison | C156: 0 | D156: 0.0046296296 | E156: 0.0050761421 | F156: 0.0053191489 | G156: 0.0056179775 | H156: 0.0052910053 | I156: 0 | J156: 0.024752475 | K156: 0.026315789 | L156: 0.020100503 | M156: 0.0051020408
B157: Marion | C157: 0.010526316 | D157: 0 | E157: 0 | F157: 0.012048193 | G157: 0 | H157: 0.021276596 | I157: 0 | J157: 0.025641026 | K157: 0.015625 | L157: 0.025316456 | M157: 0.015873016
B158: Martin | C158: 0.028301887 | D158: 0.11764706 | E158: 0.019230769 | F158: 0.010869565 | G158: 0.038834951 | H158: 0.040816327 | I158: 0.034188034 | J158: 0.010204082 | K158: 0.043478261 | L158: 0.043478261 | M158: 0.034090909
B159: Mason | C159: 0.016393443 | D159: 0 | E159: 0.028571429 | F159: 0.06 | G159: 0.063492063 | H159: 0.020408163 | I159: 0.031746032 | J159: 0.019230769 | K159: 0.075471698 | L159: 0.04 | M159: 0.072727273
B160: Matagorda | C160: 0.0050505051 | D160: 0.0018248175 | E160: 0.014492754 | F160: 0.011070111 | G160: 0.013307985 | H160: 0.011787819 | I160: 0.017857143 | J160: 0.021186441 | K160: 0.024253731 | L160: 0.019685039 | M160: 0.024856597
B161: Maverick | C161: 0.0026572188 | D161: 0.00092081031 | E161: 0.0019782394 | F161: 0.0020120724 | G161: 0.0019286403 | H161: 0.0028089888 | I161: 0.0019286403 | J161: 0.0038535645 | K161: 0.0038797284 | L161: 0 | M161: 0.0061664954
B162: McCulloch | C162: 0.0081967213 | D162: 0.027272727 | E162: 0.017094017 | F162: 0.02 | G162: 0.029126214 | H162: 0.02970297 | I162: 0.011904762 | J162: 0.035294118 | K162: 0.048192771 | L162: 0.042553191 | M162: 0.060240964
B163: McLennan | C163: 0.0041691483 | D163: 0.0056733353 | E163: 0.004817826 | F163: 0.0099728015 | G163: 0.010306622 | H163: 0.020347395 | I163: 0.023551578 | J163: 0.020099256 | K163: 0.032397959 | L163: 0.037648272 | M163: 0.034465281
B164: McMullen | C164: 0 | D164: 0.055555556 | E164: 0 | F164: 0.052631579 | G164: 0 | H164: 0 | J164: 0.083333333 | K164: 0.047619048 | L164: 0.058823529 | M164: 0.045454545
B165: Medina | C165: 0.010479042 | D165: 0.016643551 | E165: 0.0074294205 | F165: 0.0083217753 | G165: 0.012430939 | H165: 0.0081411126 | I165: 0.014184397 | J165: 0.0088607595 | K165: 0.022123894 | L165: 0.02371134 | M165: 0.016007533
B166: Menard | C166: 0 | D166: 0 | E166: 0.045454545 | F166: 0 | G166: 0 | H166: 0 | I166: 0 | J166: 0 | K166: 0 | L166: 0 | M166: 0.047619048
B167: Midland | C167: 0.020570949 | D167: 0.0085365854 | E167: 0.0093004448 | F167: 0.011470709 | G167: 0.010785824 | H167: 0.016140866 | I167: 0.019535569 | J167: 0.020631068 | K167: 0.020096762 | L167: 0.027279522 | M167: 0.037757009
B168: Milam | C168: 0.01369863 | D168: 0.019512195 | E168: 0.012012012 | F168: 0.0091743119 | G168: 0.010067114 | H168: 0.016949153 | I168: 0.0125 | J168: 0.012779553 | K168: 0.035830619 | L168: 0.018050542 | M168: 0.043636364
B169: Mills | C169: 0.034482759 | D169: 0.018181818 | E169: 0.018518519 | F169: 0.018867925 | G169: 0 | H169: 0 | I169: 0.02 | J169: 0 | K169: 0.016393443 | L169: 0.072727273 | M169: 0.0625
B170: Mitchell | C170: 0.0091743119 | D170: 0.0080645161 | E170: 0 | F170: 0 | G170: 0 | H170: 0 | I170: 0 | J170: 0 | K170: 0.04 | L170: 0.028301887 | M170: 0.032967033
B171: Montague | C171: 0.011627907 | D171: 0 | E171: 0.029166667 | F171: 0.040723982 | G171: 0.045248869 | H171: 0.073913043 | I171: 0.070175439 | J171: 0.068965517 | K171: 0.064102564 | L171: 0.096330275 | M171: 0.12556054
B172: Montgomery | C172: 0.009556314 | D172: 0.025128951 | E172: 0.022313177 | F172: 0.026687806 | G172: 0.032063264 | H172: 0.0296992 | I172: 0.040114613 | J172: 0.031415594 | K172: 0.042989571 | L172: 0.048730734 | M172: 0.055474453
B173: Moore | C173: 0.0097560976 | D173: 0.0024213075 | E173: 0.0077319588 | F173: 0 | G173: 0.0029411765 | H173: 0.0026595745 | I173: 0.012626263 | J173: 0.0079365079 | K173: 0.0099009901 | L173: 0.02359882 | M173: 0.015665796
B174: Morris | C174: 0 | D174: 0 | E174: 0.013986014 | F174: 0 | G174: 0.0072463768 | H174: 0.027972028 | I174: 0.014492754 | J174: 0 | K174: 0.014184397 | L174: 0.016 | M174: 0.023076923
B175: Motley | C175: 0 | E175: 0 | F175: 0.1 | G175: 0 | H175: 0.11111111 | I175: 0 | J175: 0.11111111 | K175: 0 | L175: 0 | M175: 0.13333333
B176: Nacogdoches | C176: 0.011603376 | D176: 0.0012285012 | E176: 0.0089485459 | F176: 0.016393443 | G176: 0.012077295 | H176: 0.019184652 | I176: 0.011655012 | J176: 0.013959391 | K176: 0.025862069 | L176: 0.032258065 | M176: 0.028901734
B177: Navarro | C177: 0.004398827 | D177: 0.0027816412 | E177: 0.0028368794 | F177: 0.0030165913 | G177: 0.0061255743 | H177: 0.014814815 | I177: 0.0089628681 | J177: 0.011188811 | K177: 0.019345238 | L177: 0.03943662 | M177: 0.034340659
B178: Newton | C178: 0 | D178: 0.030769231 | E178: 0.0078125 | F178: 0.013071895 | G178: 0.02962963 | H178: 0.0072463768 | I178: 0.056451613 | J178: 0.046511628 | K178: 0.053097345 | L178: 0.073684211 | M178: 0.090909091
B179: Nolan | C179: 0.0074349442 | D179: 0 | E179: 0.015151515 | F179: 0.0096153846 | G179: 0.0094339623 | H179: 0.022522523 | I179: 0.0082304527 | J179: 0.010695187 | K179: 0.015625 | L179: 0.016393443 | M179: 0.0068493151
B180: Nueces | C180: 0.0088495575 | D180: 0.0082749841 | E180: 0.0076486014 | F180: 0.0095280301 | G180: 0.010411951 | H180: 0.013885778 | I180: 0.012964564 | J180: 0.013336962 | K180: 0.014234875 | L180: 0.021502522 | M180: 0.021774194
B181: Ochiltree | C181: 0.0051282051 | D181: 0 | E181: 0 | F181: 0.0064516129 | G181: 0 | H181: 0.027210884 | I181: 0 | J181: 0.025806452 | K181: 0.051612903 | L181: 0.056910569 | M181: 0.027027027
B182: Oldham | C182: 0.071428571 | D182: 0.058823529 | E182: 0.03125 | F182: 0.022727273 | G182: 0.048780488 | H182: 0.022727273 | I182: 0.017857143 | J182: 0.071428571 | K182: 0.029411765 | L182: 0.023255814 | M182: 0.14
B183: Orange | C183: 0.007360673 | D183: 0.0168 | E183: 0.014925373 | F183: 0.022872827 | G183: 0.026220615 | H183: 0.039522059 | I183: 0.039763113 | J183: 0.049601417 | K183: 0.067241379 | L183: 0.061281337 | M183: 0.081998115
B184: Palo Pinto | C184: 0.015822785 | D184: 0.0059701493 | E184: 0.0085227273 | F184: 0.020338983 | G184: 0.024 | H184: 0.025714286 | I184: 0.04076087 | J184: 0.035820896 | K184: 0.043076923 | L184: 0.033240997 | M184: 0.06017192
B185: Panola | C185: 0.010676157 | D185: 0.0039215686 | E185: 0.0036231884 | F185: 0.017985612 | G185: 0.026431718 | H185: 0.01459854 | I185: 0.01532567 | J185: 0.020920502 | K185: 0.025925926 | L185: 0.056451613 | M185: 0.05907173
...
